SubjectID,StimulusType,RT,congruence
1,0,181.83333333333334,False
1,1,297.1645569620253,True
2,0,278.77777777777777,False
2,1,351.16901408450707,True
3,0,381.0,False
3,1,483.4935064935065,True
4,0,299.0,False
4,1,336.55,True
5,0,386.0,False
5,1,323.275,True
6,0,373.75,False
6,1,466.3150684931507,True
7,0,523.2857142857143,False
7,1,502.0571428571429,True
8,0,420.77777777777777,False
8,1,402.3376623376623,True
