,SubjectID,StimulusType,RT,accuracy
0,7001,0,109.1,0.4
1,7001,1,293.45,0.9875
2,7002,0,125.45,0.55
3,7002,1,311.6625,0.8875
4,7003,0,19.05,0.95
5,7003,1,465.3625,0.9625
6,7004,0,29.9,0.9
7,7004,1,336.55,1.0
8,7005,0,19.3,0.95
9,7005,1,323.275,1.0
10,7006,0,74.75,0.8
11,7006,1,425.5125,0.9125
12,7007,0,261.64285714285717,0.5
13,7007,1,408.6511627906977,0.813953488372093
14,7008,0,270.5,0.35714285714285715
15,7008,1,360.2325581395349,0.8953488372093024
